Trial,Prompt,P_Yes,P_No,Entropy,Reply
[],The stock is unknown. Will this stock underperform or overperform the S&P 500 over the next 12 months?,0.9975273768433652,0.0024726231566347743,0.024975105667391438,
['continent'],The stock is in Africa. Will this stock underperform or overperform the S&P 500 over the next 12 months?,0.9994557867375674,0.0005442132624325576,0.006686118519509898,
['continent'],The stock is in Asia. Will this stock underperform or overperform the S&P 500 over the next 12 months?,0.998654139598703,0.0013458604012970923,0.014776173462006801,
['continent'],The stock is in Europe. Will this stock underperform or overperform the S&P 500 over the next 12 months?,0.9995121428772177,0.000487857122782266,0.006070697310782115,
['continent'],The stock is in North America. Will this stock underperform or overperform the S&P 500 over the next 12 months?,0.9766692311915195,0.02333076880848049,0.15975406482780793,
['continent'],The stock is in Oceania. Will this stock underperform or overperform the S&P 500 over the next 12 months?,0.9985449370614672,0.0014550629385328433,0.015811219745656177,
['continent'],The stock is in South America. Will this stock underperform or overperform the S&P 500 over the next 12 months?,0.9994472213630765,0.0005527786369235996,0.0067788939839470656,
['market_cap'],The stock is a Large Cap company. Will this stock underperform or overperform the S&P 500 over the next 12 months?,0.9808759632491111,0.019124036750888904,0.13649361039705124,
['market_cap'],The stock is a Mega Cap company. Will this stock underperform or overperform the S&P 500 over the next 12 months?,0.0033244368916556374,0.9966755631083444,0.03215717366029957,
['market_cap'],The stock is a Micro Cap company. Will this stock underperform or overperform the S&P 500 over the next 12 months?,0.9999903338905958,9.666109404131064e-06,0.00017496935217887832,
['market_cap'],The stock is a Mid Cap company. Will this stock underperform or overperform the S&P 500 over the next 12 months?,0.995244800090167,0.004755199909833048,0.04353641218945642,
['market_cap'],The stock is a Nano Cap company. Will this stock underperform or overperform the S&P 500 over the next 12 months?,0.9993638087890533,0.0006361912109467576,0.0076727764444076765,
['market_cap'],The stock is a Small Cap company. Will this stock underperform or overperform the S&P 500 over the next 12 months?,0.9997086299393205,0.00029137006067943023,0.0038423973899018027,
['sector'],The stock is in the Communication Services sector. Will this stock underperform or overperform the S&P 500 over the next 12 months?,0.997748152720497,0.0022518472795030197,0.02304933397669986,
['sector'],The stock is in the Consumer Discretionary sector. Will this stock underperform or overperform the S&P 500 over the next 12 months?,0.9911526449170696,0.008847355082930384,0.07305112612960338,
['sector'],The stock is in the Consumer Staples sector. Will this stock underperform or overperform the S&P 500 over the next 12 months?,0.8267117940706735,0.17328820592932662,0.6651718063278693,
['sector'],The stock is in the Energy sector. Will this stock underperform or overperform the S&P 500 over the next 12 months?,0.9912886155422945,0.008711384457705506,0.07212394795075817,
['sector'],The stock is in the Financials sector. Will this stock underperform or overperform the S&P 500 over the next 12 months?,0.9966233876182605,0.003376612381739501,0.03258587722399653,
['sector'],The stock is in the Health Care sector. Will this stock underperform or overperform the S&P 500 over the next 12 months?,0.9693241982893259,0.030675801710674105,0.1977697301759568,
['sector'],The stock is in the Industrials sector. Will this stock underperform or overperform the S&P 500 over the next 12 months?,0.9974090206355706,0.002590979364429334,0.02599558404747996,
['sector'],The stock is in the Information Technology sector. Will this stock underperform or overperform the S&P 500 over the next 12 months?,0.4571367168274948,0.5428632831725051,0.9946922728985919,
['sector'],The stock is in the Materials sector. Will this stock underperform or overperform the S&P 500 over the next 12 months?,0.9973683260251154,0.0026316739748845795,0.026344631637084222,
['sector'],The stock is in the Real Estate sector. Will this stock underperform or overperform the S&P 500 over the next 12 months?,0.9873750507184356,0.012624949281564407,0.09773134956735684,
['sector'],The stock is in the Utilities sector. Will this stock underperform or overperform the S&P 500 over the next 12 months?,0.9979492564600826,0.002050743539917378,0.021267957600352168,
